{" Devarachikkanahalli": 99.22267100023426, "1st Block Jayanagar": 99.22267100023426, "1st Phase JP Nagar": 101.70049385713438, "2nd Phase Judicial Layout": 99.22267100023426, "5th Phase JP Nagar": 70.45943289803657, "6th Phase JP Nagar": 99.22262857884475, "7th Phase JP Nagar": 100.0262037037037, "8th Phase JP Nagar": 72.53337837837839, "9th Phase JP Nagar": 86.00002141536085, "AECS Layout": 99.22267100023424, "Abbigere": 99.22266784196276, "Akshaya Nagar": 88.41499999999999, "Ambalipura": 99.19899422132947, "Ambedkar Nagar": 99.22624198214719, "Amruthahalli": 99.2226710007043, "Anandapura": 99.166269789276, "Ananth Nagar": 96.92274579867703, "Anekal": 72.00633550011712, "Anjanapura": 99.22267100015286, "Ardendale": 99.22430055564443, "Arekere": 99.22267100023295, "Attibele": 59.55280170108332, "BEML Layout": 99.22267100023424, "BTM 2nd Stage": 101.10223519556334, "BTM Layout": 99.22267100028203, "Babusapalaya": 99.22259675776058, "Badavala Nagar": 99.22267100023424, "Balagere": 61.425, "Banashankari": 111.89571428571429, "Banashankari Stage II": 99.22267100023424, "Banashankari Stage III": 99.23073290965891, "Banashankari Stage V": 99.22267100023423, "Banashankari Stage VI": 99.22267100023424, "Banaswadi": 99.2226710002342, "Bannerghatta": 99.22267100028058, "Bannerghatta Road": 86.7714864864865, "Basapura": 99.22267100023426, "Basavangudi": 167.90690205541907, "Basaveshwara Nagar": 99.22267100814209, "Battarahalli": 99.22267093785088, "Begur": 99.22267099805214, "Begur Road": 56.85763636363637, "Bellandur": 94.09253968253968, "Benson Town": 99.22267100023427, "Bharathi Nagar": 99.22267100023426, "Bhoganhalli": 101.00193548387097, "Billekahalli": 99.22267100022582, "Binny Pete": 99.22512335195772, "Bisuvanahalli": 40.35875, "Bommanahalli": 57.11160243307164, "Bommasandra": 44.10680318445624, "Bommasandra Industrial Area": 99.14261900110064, "Bommenahalli": 99.22267100023424, "Brookefield": 105.66666666619285, "Budigere": 70.44029411764706, "CV Raman Nagar": 78.5767741935484, "Chamrajpet": 99.22267100023424, "Chandapura": 33.63517543859649, "Channasandra": 70.83370370579114, "Chikka Tirupathi": 99.22267100023424, "Chikkabanavar": 99.22267100023414, "Chikkalasandra": 55.90153199405942, "Choodasandra": 98.38327648207543, "Cooke Town": 99.22267100023477, "Cox Town": 99.22267100030622, "Dairy Circle": 99.22267100023424, "Dasanapura": 99.22267100022991, "Dasarahalli": 99.22267100023424, "Devanahalli": 96.4325, "Dodda Nekkundi": 113.32759918505272, "Doddaballapur": 99.22267100023424, "Doddakallasandra": 99.22267099716186, "Doddathoguru": 70.42108550011713, "Domlur": 99.2226710755963, "Dommasandra": 99.22267100008499, "EPIP Zone": 99.22411052550697, "Electronic City": 54.81946859903381, "Electronic City Phase II": 45.587391304347825, "Electronics City Phase 1": 55.63462962962963, "Frazer Town": 216.94038437275032, "GM Palaya": 99.22267100023423, "Garudachar Palya": 99.22267100022746, "Giri Nagar": 99.22267100023424, "Gollarapalya Hosahalli": 99.22267100023409, "Gottigere": 59.89307692307692, "Green Glen Layout": 111.51851851761441, "Gubbalala": 99.23712823982264, "Gunjur": 99.22266854715619, "Gunjur Palya": 99.22267100023423, "HBR Layout": 99.22267100023424, "HRBR Layout": 99.2226710002377, "HSR Layout": 92.70588235294117, "Haralur Road": 80.7958, "Harlur": 114.33636363636364, "Hebbal": 153.97380165289258, "Hebbal Kempapura": 194.16960245945884, "Hegde Nagar": 138.56184210526317, "Hennur": 72.94053191489361, "Hennur Road": 99.92338235294118, "Hoodi": 93.69433962264151, "Horamavu Agara": 52.3362068965561, "Horamavu Banaswadi": 99.22085806196536, "Hormavu": 73.45971698113208, "Hosa Road": 65.56977777777777, "Hosakerehalli": 187.91679487547654, "Hoskote": 99.22267092010436, "Hosur Road": 91.92129032258066, "Hulimavu": 86.25736842105262, "ISRO Layout": 99.22267100023424, "ITPL": 99.22267100023424, "Iblur Village": 99.22267100023426, "Indira Nagar": 204.37931034481772, "JP Nagar": 108.3667, "Jakkur": 117.47378048780489, "Jalahalli": 92.85722222222222, "Jalahalli East": 99.2226710002341, "Jigani": 69.63636363636364, "Judicial Layout": 99.22267100023424, "KR Puram": 69.21663793103448, "Kadubeesanahalli": 99.22267100023427, "Kadugodi": 89.6359375, "Kaggadasapura": 59.35681818181818, "Kaggalipura": 99.22148455255345, "Kaikondrahalli": 99.22267100023274, "Kalena Agrahara": 68.70370370594776, "Kalkere": 99.22267100023426, "Kalyan nagar": 99.2226710002342, "Kambipura": 99.22266783849611, "Kammanahalli": 99.2226710002367, "Kammasandra": 97.22798461943071, "Kanakapura": 61.65969696969697, "Kanakpura Road": 72.18915789473685, "Kannamangala": 99.22267055969995, "Karuna Nagar": 99.22267100023424, "Kasavanhalli": 102.32546875, "Kasturi Nagar": 99.22267100023424, "Kathriguppe": 99.22263982783078, "Kaval Byrasandra": 99.22267100015158, "Kenchenahalli": 99.22267100023424, "Kengeri": 47.29897435897436, "Kengeri Satellite Town": 47.42051724138415, "Kereguddadahalli": 99.22267099551253, "Kodichikkanahalli": 97.94778043455241, "Kodigehaali": 99.22267100023424, "Kodihalli": 99.22267100023494, "Kogilu": 99.1789199316944, "Konanakunte": 99.22267100023424, "Koramangala": 173.675, "Kothannur": 99.22035553426345, "Kothanur": 91.19, "Kudlu": 78.19883550011713, "Kudlu Gate": 84.16648148258857, "Kumaraswami Layout": 99.22267108612292, "Kundalahalli": 101.96483870967741, "LB Shastri Nagar": 99.22267100023424, "Laggere": 99.22267100023424, "Lakshminarayana Pura": 95.50000000767298, "Lingadheeranahalli": 99.22267103300403, "Magadi Road": 99.22266888683001, "Mahadevpura": 99.22196416768398, "Mallasandra": 99.22267100023417, "Malleshpalya": 99.22267100023224, "Malleshwaram": 226.46774193548384, "Marathahalli": 102.93401515151515, "Margondanahalli": 99.2226709218578, "Mico Layout": 99.22267100023424, "Munnekollal": 99.22267100014601, "Murugeshpalya": 99.22267100023426, "Mysore Road": 64.18125, "NGR Layout": 99.22267100009576, "NRI Layout": 99.22267100023426, "Nagappa Reddy Layout": 99.22267100023424, "Nagarbhavi": 110.6625, "Nagavara": 99.2226710528073, "Nagavarapalya": 99.22267100023424, "Narayanapura": 99.22267100023426, "Neeladri Nagar": 99.22267100023426, "Nehru Nagar": 99.22267100023426, "OMBR Layout": 99.22267100023424, "Old Airport Road": 198.81155261413127, "Old Madras Road": 121.49283018867925, "Other": 118.7102963393376, "Padmanabhanagar": 99.22475621672307, "Pai Layout": 99.22267092417512, "Panathur": 69.45473684210526, "Parappana Agrahara": 99.22267100010447, "Pattandur Agrahara": 99.22267100023424, "Poorna Pragna Layout": 99.22267100000671, "Prithvi Layout": 99.22267100023426, "R.T. Nagar": 146.62492322746434, "Rachenahalli": 71.76375, "Raja Rajeshwari Nagar": 60.53157894736842, "Rajaji Nagar": 258.58730158730157, "Rajiv Nagar": 99.22267100023568, "Ramagondanahalli": 73.34161290322582, "Ramamurthy Nagar": 77.139375, "Rayasandra": 99.22267099724003, "Sahakara Nagar": 95.14310344827626, "Sanjay nagar": 99.22267107974805, "Sarakki Nagar": 99.22267100023426, "Sarjapur": 83.0631914893617, "Sarjapur  Road": 113.48512962962963, "Sarjapura - Attibele Road": 99.22267100023407, "Sector 2 HSR Layout": 99.22267100023417, "Sector 7 HSR Layout": 99.22267100023424, "Seegehalli": 137.97654227307987, "Shivaji Nagar": 99.22267100023426, "Singasandra": 99.22266970085694, "Somasundara Palya": 77.81144305103528, "Sompura": 99.22267100023424, "Sonnenahalli": 99.22266817443365, "Subramanyapura": 61.186764705882354, "Sultan Palaya": 99.22267100023426, "TC Palaya": 82.46, "Talaghattapura": 114.07233333333328, "Thanisandra": 83.15726708074534, "Thigalarapalya": 155.73153846153846, "Thubarahalli": 99.2226698338222, "Tumkur Road": 75.29091091226805, "Ulsoor": 99.22267100023424, "Uttarahalli": 58.30357142857143, "Varthur": 70.71729166666667, "Varthur Road": 99.22267100023423, "Vasanthapura": 99.22267100023406, "Vidyaranyapura": 98.05746118917378, "Vijayanagar": 107.42484501318026, "Vittasandra": 70.48962963174236, "Whitefield": 122.29950819672132, "Yelachenahalli": 99.22267100020012,